{
  "model": "segment-level SI contact process with bounded fan-out",
  "master_seed": 513,
  "params": {
    "n_hosts": 1200,
    "deg": 6,
    "p_compromise": 0.5,
    "cross_share": 0.5,
    "leak_fraction": 0.05,
    "d_slow": 9,
    "d_fast": 3,
    "delta_ms": 0.8
  },
  "trials": {
    "main": 400000,
    "sweep": 100000,
    "heatmap_per_cell": 40000,
    "sensitivity_per_cell": 100000
  },
  "main_scenarios": {
    "flat_slow": {
      "trials": 400000,
      "mean": 0.9998813041666668,
      "sd": 0.002511423204422152,
      "ci95_halfwidth": 7.782981144681201e-06,
      "p10": 1.0,
      "p50": 1.0,
      "p90": 1.0,
      "p99": 1.0
    },
    "micro_slow": {
      "trials": 400000,
      "mean": 0.7022278708333333,
      "sd": 0.13749774145139024,
      "ci95_halfwidth": 0.00042610991539303224,
      "p10": 0.5158333333333334,
      "p50": 0.7166666666666667,
      "p90": 0.87,
      "p99": 0.9491666666666667
    },
    "micro_fast": {
      "trials": 400000,
      "mean": 0.03455825,
      "sd": 0.01191820197996472,
      "ci95_halfwidth": 3.693489059320464e-05,
      "p10": 0.018333333333333333,
      "p50": 0.035,
      "p90": 0.049166666666666664,
      "p99": 0.06166666666666667
    },
    "_reductions": {
      "micro_vs_flat_pct": 29.77,
      "defense_in_depth_vs_flat_pct": 96.54
    }
  },
  "segment_sweep": {
    "1": {
      "trials": 100000,
      "mean": 0.999873,
      "sd": 0.0031430519154651243,
      "ci95_halfwidth": 1.94808375997686e-05,
      "p10": 1.0,
      "p50": 1.0,
      "p90": 1.0,
      "p99": 1.0
    },
    "2": {
      "trials": 100000,
      "mean": 0.997725225,
      "sd": 0.010516379971140617,
      "ci95_halfwidth": 6.51811983592171e-05,
      "p10": 0.9958333333333333,
      "p50": 1.0,
      "p90": 1.0,
      "p99": 1.0
    },
    "4": {
      "trials": 100000,
      "mean": 0.9828326583333333,
      "sd": 0.03570378436496457,
      "ci95_halfwidth": 0.00022129434817436114,
      "p10": 0.9583333333333334,
      "p50": 0.9941666666666666,
      "p90": 0.9991666666666666,
      "p99": 1.0
    },
    "8": {
      "trials": 100000,
      "mean": 0.9134865333333334,
      "sd": 0.0860178465391747,
      "ci95_halfwidth": 0.0005331441363937831,
      "p10": 0.8041666666666667,
      "p50": 0.94,
      "p90": 0.9891666666666666,
      "p99": 0.9983333333333333
    },
    "16": {
      "trials": 100000,
      "mean": 0.7024563916666666,
      "sd": 0.13702633670488512,
      "ci95_halfwidth": 0.0008492980338964746,
      "p10": 0.5158333333333334,
      "p50": 0.7166666666666667,
      "p90": 0.8691666666666666,
      "p99": 0.9475
    },
    "32": {
      "trials": 100000,
      "mean": 0.38950615000000005,
      "sd": 0.12619228002397148,
      "ci95_halfwidth": 0.0007821478548908141,
      "p10": 0.22833333333333333,
      "p50": 0.38333333333333336,
      "p90": 0.5583333333333333,
      "p99": 0.6941666666666667
    },
    "64": {
      "trials": 100000,
      "mean": 0.15602134166666667,
      "sd": 0.07131753734414474,
      "ci95_halfwidth": 0.0004420306760383615,
      "p10": 0.07166666666666667,
      "p50": 0.14666666666666667,
      "p90": 0.2525,
      "p99": 0.35583333333333333
    }
  },
  "detection_heatmap": {
    "seg_grid": [
      1,
      2,
      4,
      8,
      16,
      32,
      64
    ],
    "d_grid": [
      2,
      3,
      4,
      6,
      9,
      12
    ],
    "values": {
      "1|2": 0.013174395833333333,
      "1|3": 0.05126979166666666,
      "1|4": 0.18393310416666667,
      "1|6": 0.8559815833333334,
      "1|9": 0.9998873958333333,
      "1|12": 1.0,
      "2|2": 0.013573166666666666,
      "2|3": 0.052184291666666674,
      "2|4": 0.1749881875,
      "2|6": 0.6663842708333334,
      "2|9": 0.9977384999999999,
      "2|12": 0.9999995416666667,
      "4|2": 0.013391041666666666,
      "4|3": 0.0488078125,
      "4|4": 0.14092029166666667,
      "4|6": 0.4322637916666667,
      "4|9": 0.9824881041666665,
      "4|12": 0.99999325,
      "8|2": 0.012907666666666665,
      "8|3": 0.043033833333333334,
      "8|4": 0.10145579166666667,
      "8|6": 0.27639208333333337,
      "8|9": 0.9133436875,
      "8|12": 0.9998195,
      "16|2": 0.012132,
      "16|3": 0.0344786875,
      "16|4": 0.06547733333333333,
      "16|6": 0.17113656249999998,
      "16|9": 0.7013945416666666,
      "16|12": 0.9905194166666668,
      "32|2": 0.010679541666666667,
      "32|3": 0.024362729166666666,
      "32|4": 0.0384116875,
      "32|6": 0.09681639583333333,
      "32|9": 0.3895191041666667,
      "32|12": 0.8390514583333334,
      "64|2": 0.008498020833333333,
      "64|3": 0.015020479166666666,
      "64|4": 0.021063708333333334,
      "64|6": 0.04720595833333333,
      "64|9": 0.15577752083333335,
      "64|12": 0.41849193749999997
    }
  },
  "sensitivity": {
    "rows": [
      {
        "param": "deg",
        "value": 4,
        "flat_slow": 0.9733312333333334,
        "micro_slow": 0.312403825,
        "micro_fast": 0.018457358333333333,
        "ordering_ok": true
      },
      {
        "param": "deg",
        "value": 6,
        "flat_slow": 0.9998961416666666,
        "micro_slow": 0.7021676083333334,
        "micro_fast": 0.0345608,
        "ordering_ok": true
      },
      {
        "param": "deg",
        "value": 8,
        "flat_slow": 0.9999998083333334,
        "micro_slow": 0.9335552166666666,
        "micro_fast": 0.050501833333333336,
        "ordering_ok": true
      },
      {
        "param": "p_compromise",
        "value": 0.3,
        "flat_slow": 0.93311435,
        "micro_slow": 0.24389650000000002,
        "micro_fast": 0.015563783333333333,
        "ordering_ok": true
      },
      {
        "param": "p_compromise",
        "value": 0.5,
        "flat_slow": 0.9998836083333333,
        "micro_slow": 0.70295995,
        "micro_fast": 0.034612833333333336,
        "ordering_ok": true
      },
      {
        "param": "p_compromise",
        "value": 0.7,
        "flat_slow": 0.9999999166666667,
        "micro_slow": 0.9544293416666666,
        "micro_fast": 0.053281999999999996,
        "ordering_ok": true
      },
      {
        "param": "leak_fraction",
        "value": 0.02,
        "flat_slow": 0.9998873916666666,
        "micro_slow": 0.36638447500000004,
        "micro_fast": 0.03293728333333334,
        "ordering_ok": true
      },
      {
        "param": "leak_fraction",
        "value": 0.05,
        "flat_slow": 0.9998787083333334,
        "micro_slow": 0.7032686499999999,
        "micro_fast": 0.034561941666666665,
        "ordering_ok": true
      },
      {
        "param": "leak_fraction",
        "value": 0.1,
        "flat_slow": 0.9998703666666668,
        "micro_slow": 0.931628925,
        "micro_fast": 0.037439716666666664,
        "ordering_ok": true
      }
    ],
    "ordering_robust": true
  },
  "east_west_overhead_ms": {
    "1": 0.0,
    "2": 0.4,
    "4": 0.6,
    "8": 0.7,
    "16": 0.75,
    "32": 0.775,
    "64": 0.7875
  }
}